{"cameraMode":{"drawMode":0,"name":"Shaded","section":"Shading Mode"},"sceneLighting":false,"audioPlay":false,"sceneViewState":{"showFog":true,"showMaterialUpdate":false,"showSkybox":false,"showFlares":true,"showImageEffects":true,"showParticleSystems":true},"in2DMode":false,"pivot":{"x":0.5740182995796204,"y":-0.34117746353149416,"z":-1.527613639831543},"rotation":{"x":0.07709605246782303,"y":0.8410540819168091,"z":-0.5207576751708984,"w":0.12451775372028351},"size":9.894887924194336,"orthographic":false}