{"cameraMode":{"drawMode":0,"name":"Shaded","section":"Shading Mode"},"sceneLighting":true,"audioPlay":false,"sceneViewState":{"showFog":true,"showMaterialUpdate":false,"showSkybox":true,"showFlares":true,"showImageEffects":true,"showParticleSystems":true},"in2DMode":false,"pivot":{"x":347.85400390625,"y":297.0,"z":4.790494441986084},"rotation":{"x":0.11092430353164673,"y":0.883529007434845,"z":-0.26460936665534975,"w":0.37028631567955019},"size":484.5591735839844,"orthographic":true}