{"cameraMode":{"drawMode":0,"name":"Shaded","section":"Shading Mode"},"sceneLighting":false,"audioPlay":false,"sceneViewState":{"showFog":true,"showMaterialUpdate":false,"showSkybox":false,"showFlares":true,"showImageEffects":true,"showParticleSystems":true},"in2DMode":false,"pivot":{"x":-0.11134517192840576,"y":-0.17469674348831178,"z":-0.03403925895690918},"rotation":{"x":0.29543644189834597,"y":0.43687903881073,"z":-0.15449120104312898,"w":0.8354613780975342},"size":0.5660253763198853,"orthographic":false}