{"cameraMode":{"drawMode":0,"name":"Shaded","section":"Shading Mode"},"sceneLighting":false,"audioPlay":false,"sceneViewState":{"showFog":true,"showMaterialUpdate":false,"showSkybox":false,"showFlares":true,"showImageEffects":true,"showParticleSystems":true},"in2DMode":false,"pivot":{"x":-0.22951030731201173,"y":0.8533728122711182,"z":62.779518127441409},"rotation":{"x":-0.06027020886540413,"y":-0.8904911279678345,"z":0.12365870177745819,"w":-0.4337679445743561},"size":12.294219970703125,"orthographic":true}