{"cameraMode":{"drawMode":0,"name":"Shaded","section":"Shading Mode"},"sceneLighting":true,"audioPlay":false,"sceneViewState":{"showFog":true,"showMaterialUpdate":false,"showSkybox":false,"showFlares":true,"showImageEffects":true,"showParticleSystems":true},"in2DMode":false,"pivot":{"x":101.43246459960938,"y":325.2262268066406,"z":151.4169921875},"rotation":{"x":0.28449946641921999,"y":-0.1561070680618286,"z":0.04701479896903038,"w":0.9447502493858337},"size":318.2152099609375,"orthographic":false}