{"cameraMode":{"drawMode":0,"name":"Shaded","section":"Shading Mode"},"sceneLighting":false,"audioPlay":false,"sceneViewState":{"showFog":true,"showMaterialUpdate":false,"showSkybox":false,"showFlares":true,"showImageEffects":true,"showParticleSystems":true},"in2DMode":false,"pivot":{"x":-351.3267822265625,"y":80.9267578125,"z":-599.2547607421875},"rotation":{"x":0.20486876368522645,"y":0.7727552056312561,"z":-0.5168371200561523,"w":0.30628499388694765},"size":34.097808837890628,"orthographic":false}