{"cameraMode":{"drawMode":0,"name":"Shaded","section":"Shading Mode"},"sceneLighting":false,"audioPlay":false,"sceneViewState":{"showFog":true,"showMaterialUpdate":false,"showSkybox":false,"showFlares":true,"showImageEffects":true,"showParticleSystems":true},"in2DMode":false,"pivot":{"x":17.14389419555664,"y":2.197126865386963,"z":-6.292266845703125},"rotation":{"x":0.08929361402988434,"y":-0.5003378987312317,"z":0.051970936357975009,"w":0.859677791595459},"size":9.572368621826172,"orthographic":true}