{"cameraMode":{"drawMode":0,"name":"Shaded","section":"Shading Mode"},"sceneLighting":false,"audioPlay":false,"sceneViewState":{"showFog":true,"showMaterialUpdate":false,"showSkybox":false,"showFlares":true,"showImageEffects":true,"showParticleSystems":true},"in2DMode":false,"pivot":{"x":0.00612499937415123,"y":0.015324952080845833,"z":0.012699149549007416},"rotation":{"x":-0.17444634437561036,"y":0.31764665246009829,"z":-0.05957479029893875,"w":-0.9301214218139648},"size":0.020823780447244645,"orthographic":false}