{"cameraMode":{"drawMode":0,"name":"Shaded","section":"Shading Mode"},"sceneLighting":false,"audioPlay":false,"sceneViewState":{"showFog":true,"showMaterialUpdate":false,"showSkybox":false,"showFlares":true,"showImageEffects":true,"showParticleSystems":true},"in2DMode":false,"pivot":{"x":118.68633270263672,"y":2.0279226303100588,"z":-6.769054889678955},"rotation":{"x":-0.06027020886540413,"y":-0.8904911279678345,"z":0.12365870177745819,"w":-0.4337679445743561},"size":144.63429260253907,"orthographic":true}