{"cameraMode":{"drawMode":0,"name":"Shaded","section":"Shading Mode"},"sceneLighting":false,"audioPlay":false,"sceneViewState":{"showFog":true,"showMaterialUpdate":false,"showSkybox":false,"showFlares":true,"showImageEffects":true,"showParticleSystems":true},"in2DMode":false,"pivot":{"x":25.52410125732422,"y":0.7352654933929443,"z":-8.212774276733399},"rotation":{"x":0.08929361402988434,"y":-0.5003378987312317,"z":0.051970936357975009,"w":0.859677791595459},"size":1.495955467224121,"orthographic":true}