{"cameraMode":{"drawMode":0,"name":"Shaded","section":"Shading Mode"},"sceneLighting":false,"audioPlay":false,"sceneViewState":{"showFog":true,"showMaterialUpdate":false,"showSkybox":false,"showFlares":true,"showImageEffects":true,"showParticleSystems":true},"in2DMode":false,"pivot":{"x":5.541999816894531,"y":2.9826416969299318,"z":-3.615999937057495},"rotation":{"x":0.28449946641921999,"y":-0.1561070680618286,"z":0.04701479896903038,"w":0.9447502493858337},"size":1.4240223169326783,"orthographic":false}