{"cameraMode":{"drawMode":0,"name":"Shaded","section":"Shading Mode"},"sceneLighting":false,"audioPlay":false,"sceneViewState":{"showFog":true,"showMaterialUpdate":false,"showSkybox":false,"showFlares":true,"showImageEffects":true,"showParticleSystems":true},"in2DMode":false,"pivot":{"x":9.054052352905274,"y":2.8700008392333986,"z":40.58647537231445},"rotation":{"x":-0.08926523476839066,"y":-0.11684352159500122,"z":-0.0105171212926507,"w":0.9891017079353333},"size":41.70030212402344,"orthographic":true}