{"cameraMode":{"drawMode":0,"name":"Shaded","section":"Shading Mode"},"sceneLighting":false,"audioPlay":false,"sceneViewState":{"showFog":true,"showMaterialUpdate":false,"showSkybox":false,"showFlares":true,"showImageEffects":true,"showParticleSystems":true},"in2DMode":false,"pivot":{"x":-5.1686015129089359,"y":0.5445908308029175,"z":9.35539436340332},"rotation":{"x":-0.06027020886540413,"y":-0.8904911279678345,"z":0.12365870177745819,"w":-0.4337679445743561},"size":15.823675155639649,"orthographic":true}