{"cameraMode":{"drawMode":0,"name":"Shaded","section":"Shading Mode"},"sceneLighting":true,"audioPlay":false,"sceneViewState":{"showFog":true,"showMaterialUpdate":false,"showSkybox":false,"showFlares":true,"showImageEffects":true,"showParticleSystems":true},"in2DMode":false,"pivot":{"x":-0.0240689218044281,"y":0.05283510684967041,"z":-0.009360205382108689},"rotation":{"x":0.31863218545913699,"y":0.5989276766777039,"z":-0.2811577320098877,"w":0.6787561774253845},"size":0.8253290057182312,"orthographic":false}