{"cameraMode":{"drawMode":0,"name":"Shaded","section":"Shading Mode"},"sceneLighting":false,"audioPlay":false,"sceneViewState":{"showFog":true,"showMaterialUpdate":false,"showSkybox":false,"showFlares":true,"showImageEffects":true,"showParticleSystems":true},"in2DMode":false,"pivot":{"x":7.220401763916016,"y":1.851161003112793,"z":-54.45528793334961},"rotation":{"x":-0.17444634437561036,"y":0.31764665246009829,"z":-0.05957479029893875,"w":-0.9301214218139648},"size":9.445798873901368,"orthographic":false}