{"cameraMode":{"drawMode":0,"name":"Shaded","section":"Shading Mode"},"sceneLighting":true,"audioPlay":false,"sceneViewState":{"showFog":true,"showMaterialUpdate":false,"showSkybox":true,"showFlares":true,"showImageEffects":true,"showParticleSystems":true},"in2DMode":false,"pivot":{"x":0.0016783829778432847,"y":0.01144731231033802,"z":0.005817270837724209},"rotation":{"x":0.3109375834465027,"y":-0.44578906893730166,"z":0.16856805980205537,"w":0.8223427534103394},"size":0.020823780447244645,"orthographic":false}