{"cameraMode":{"drawMode":0,"name":"Shaded","section":"Shading Mode"},"sceneLighting":false,"audioPlay":false,"sceneViewState":{"showFog":true,"showMaterialUpdate":false,"showSkybox":false,"showFlares":true,"showImageEffects":true,"showParticleSystems":true},"in2DMode":false,"pivot":{"x":0.5995750427246094,"y":-0.4536433219909668,"z":-0.44915246963500979},"rotation":{"x":-0.19264526665210725,"y":0.7995785474777222,"z":-0.3351370394229889,"w":-0.45961907505989077},"size":5.153553485870361,"orthographic":false}