{"cameraMode":{"drawMode":0,"name":"Shaded","section":"Shading Mode"},"sceneLighting":false,"audioPlay":false,"sceneViewState":{"showFog":true,"showMaterialUpdate":false,"showSkybox":false,"showFlares":true,"showImageEffects":true,"showParticleSystems":true},"in2DMode":false,"pivot":{"x":1.9990785121917725,"y":5.3964996337890629,"z":62.3657341003418},"rotation":{"x":-0.08926523476839066,"y":-0.11684352159500122,"z":-0.0105171212926507,"w":0.9891017079353333},"size":15.006941795349121,"orthographic":true}