{"cameraMode":{"drawMode":0,"name":"Shaded","section":"Shading Mode"},"sceneLighting":true,"audioPlay":false,"sceneViewState":{"showFog":true,"showMaterialUpdate":false,"showSkybox":true,"showFlares":true,"showImageEffects":true,"showParticleSystems":true},"in2DMode":false,"pivot":{"x":-0.07499998807907105,"y":-0.16250000894069673,"z":0.5},"rotation":{"x":-0.413298636674881,"y":-0.34793809056282046,"z":0.17469295859336854,"w":-0.8231741786003113},"size":7.839894771575928,"orthographic":false}