{"cameraMode":{"drawMode":0,"name":"Shaded","section":"Shading Mode"},"sceneLighting":false,"audioPlay":false,"sceneViewState":{"showFog":true,"showMaterialUpdate":false,"showSkybox":false,"showFlares":true,"showImageEffects":true,"showParticleSystems":true},"in2DMode":false,"pivot":{"x":6.7654008865356449,"y":2.1215429306030275,"z":27.70508575439453},"rotation":{"x":-0.027221472933888437,"y":-0.7957756519317627,"z":-0.03581734001636505,"w":0.6039623022079468},"size":4.685182571411133,"orthographic":true}