{"cameraMode":{"drawMode":0,"name":"Shaded","section":"Shading Mode"},"sceneLighting":false,"audioPlay":false,"sceneViewState":{"showFog":true,"showMaterialUpdate":false,"showSkybox":false,"showFlares":true,"showImageEffects":true,"showParticleSystems":true},"in2DMode":false,"pivot":{"x":0.0,"y":0.13812121748924256,"z":-0.005821779370307922},"rotation":{"x":-0.41362521052360537,"y":-0.14457416534423829,"z":0.06670938432216644,"w":-0.8964181542396545},"size":0.49034345149993899,"orthographic":false}