{"cameraMode":{"drawMode":0,"name":"Shaded","section":"Shading Mode"},"sceneLighting":false,"audioPlay":false,"sceneViewState":{"showFog":true,"showMaterialUpdate":false,"showSkybox":false,"showFlares":true,"showImageEffects":true,"showParticleSystems":true},"in2DMode":false,"pivot":{"x":0.1445387452840805,"y":0.20937573909759522,"z":1.4741488695144654},"rotation":{"x":-0.5183337330818176,"y":-0.1317651867866516,"z":0.08120530098676682,"w":-0.8410574197769165},"size":1.0088722705841065,"orthographic":false}