{"cameraMode":{"drawMode":0,"name":"Shaded","section":"Shading Mode"},"sceneLighting":false,"audioPlay":false,"sceneViewState":{"showFog":true,"showMaterialUpdate":false,"showSkybox":false,"showFlares":true,"showImageEffects":true,"showParticleSystems":true},"in2DMode":false,"pivot":{"x":0.8322934508323669,"y":0.5277726650238037,"z":4.067593097686768},"rotation":{"x":-0.08926523476839066,"y":-0.11684352159500122,"z":-0.0105171212926507,"w":0.9891017079353333},"size":4.087079048156738,"orthographic":true}