{"cameraMode":{"drawMode":0,"name":"Shaded","section":"Shading Mode"},"sceneLighting":false,"audioPlay":false,"sceneViewState":{"showFog":true,"showMaterialUpdate":false,"showSkybox":false,"showFlares":true,"showImageEffects":true,"showParticleSystems":true},"in2DMode":false,"pivot":{"x":-1.7349960803985596,"y":-0.06999501585960388,"z":1.189995527267456},"rotation":{"x":-0.06027020886540413,"y":-0.8904911279678345,"z":0.12365870177745819,"w":-0.4337679445743561},"size":10.505264282226563,"orthographic":true}