{"cameraMode":{"drawMode":0,"name":"Shaded","section":"Shading Mode"},"sceneLighting":false,"audioPlay":false,"sceneViewState":{"showFog":true,"showMaterialUpdate":false,"showSkybox":false,"showFlares":true,"showImageEffects":true,"showParticleSystems":true},"in2DMode":false,"pivot":{"x":-0.07499992847442627,"y":-0.1625000238418579,"z":0.07999992370605469},"rotation":{"x":0.2842191159725189,"y":0.1770271211862564,"z":-0.053483180701732638,"w":0.940757155418396},"size":1.2247449159622193,"orthographic":false}