{"cameraMode":{"drawMode":0,"name":"Shaded","section":"Shading Mode"},"sceneLighting":true,"audioPlay":false,"sceneViewState":{"showFog":true,"showMaterialUpdate":false,"showSkybox":true,"showFlares":true,"showImageEffects":true,"showParticleSystems":true},"in2DMode":false,"pivot":{"x":0.5,"y":0.40000003576278689,"z":20.21000099182129},"rotation":{"x":0.01969779096543789,"y":0.5714201331138611,"z":-0.013705599121749401,"w":0.8203413486480713},"size":5.385164737701416,"orthographic":true}