{"cameraMode":{"drawMode":0,"name":"Shaded","section":"Shading Mode"},"sceneLighting":false,"audioPlay":false,"sceneViewState":{"showFog":true,"showMaterialUpdate":false,"showSkybox":false,"showFlares":true,"showImageEffects":true,"showParticleSystems":true},"in2DMode":false,"pivot":{"x":-2.256333827972412,"y":0.07012557983398438,"z":9.469963073730469},"rotation":{"x":0.08929361402988434,"y":-0.5003378987312317,"z":0.051970936357975009,"w":0.859677791595459},"size":6.393063068389893,"orthographic":true}