{"cameraMode":{"drawMode":0,"name":"Shaded","section":"Shading Mode"},"sceneLighting":false,"audioPlay":false,"sceneViewState":{"showFog":true,"showMaterialUpdate":false,"showSkybox":false,"showFlares":true,"showImageEffects":true,"showParticleSystems":true},"in2DMode":false,"pivot":{"x":28.169687271118165,"y":0.25,"z":-1.2957072257995606},"rotation":{"x":0.28449946641921999,"y":-0.1561070680618286,"z":0.04701479896903038,"w":0.9447502493858337},"size":5.065608501434326,"orthographic":false}