{"cameraMode":{"drawMode":0,"name":"Shaded","section":"Shading Mode"},"sceneLighting":true,"audioPlay":false,"sceneViewState":{"showFog":true,"showMaterialUpdate":false,"showSkybox":true,"showFlares":true,"showImageEffects":true,"showParticleSystems":true},"in2DMode":false,"pivot":{"x":0.15000000596046449,"y":-0.4000000059604645,"z":0.06000000238418579},"rotation":{"x":-0.07180260866880417,"y":0.8474213480949402,"z":-0.5124703645706177,"w":-0.11873264610767365},"size":2.5330123901367189,"orthographic":false}