{"cameraMode":{"drawMode":0,"name":"Shaded","section":"Shading Mode"},"sceneLighting":false,"audioPlay":false,"sceneViewState":{"showFog":true,"showMaterialUpdate":false,"showSkybox":false,"showFlares":true,"showImageEffects":true,"showParticleSystems":true},"in2DMode":false,"pivot":{"x":-0.2719290852546692,"y":0.4868693947792053,"z":1.027364730834961},"rotation":{"x":-0.09514251351356507,"y":0.8951432704925537,"z":-0.36952370405197146,"w":-0.23047558963298798},"size":0.05355334281921387,"orthographic":false}