{"cameraMode":{"drawMode":0,"name":"Shaded","section":"Shading Mode"},"sceneLighting":false,"audioPlay":false,"sceneViewState":{"showFog":true,"showMaterialUpdate":false,"showSkybox":false,"showFlares":true,"showImageEffects":true,"showParticleSystems":true},"in2DMode":false,"pivot":{"x":-0.06014144420623779,"y":0.1728609800338745,"z":0.4425758123397827},"rotation":{"x":0.36377644538879397,"y":-0.2294703722000122,"z":0.09295901656150818,"w":0.897985577583313},"size":0.9805476069450378,"orthographic":false}