{"cameraMode":{"drawMode":0,"name":"Shaded","section":"Shading Mode"},"sceneLighting":false,"audioPlay":false,"sceneViewState":{"showFog":true,"showMaterialUpdate":false,"showSkybox":false,"showFlares":true,"showImageEffects":true,"showParticleSystems":true},"in2DMode":false,"pivot":{"x":-0.3986583352088928,"y":0.008446693420410157,"z":0.05273008346557617},"rotation":{"x":-0.09514251351356507,"y":0.8951432704925537,"z":-0.36952370405197146,"w":-0.23047558963298798},"size":1.4464466571807862,"orthographic":false}