{"cameraMode":{"drawMode":0,"name":"Shaded","section":"Shading Mode"},"sceneLighting":true,"audioPlay":false,"sceneViewState":{"showFog":true,"showMaterialUpdate":false,"showSkybox":false,"showFlares":true,"showImageEffects":true,"showParticleSystems":true},"in2DMode":false,"pivot":{"x":-0.015035629272460938,"y":7.187337875366211,"z":0.02428436279296875},"rotation":{"x":0.34240424633026125,"y":-0.09391327947378159,"z":0.03442166745662689,"w":0.9342199563980103},"size":38.2195930480957,"orthographic":false}