{"cameraMode":{"drawMode":0,"name":"Shaded","section":"Shading Mode"},"sceneLighting":false,"audioPlay":false,"sceneViewState":{"showFog":true,"showMaterialUpdate":false,"showSkybox":false,"showFlares":true,"showImageEffects":true,"showParticleSystems":true},"in2DMode":false,"pivot":{"x":-0.0033833207562565805,"y":0.032089173793792728,"z":0.022092634811997415},"rotation":{"x":-0.018143819645047189,"y":-0.1339769959449768,"z":0.0024525285698473455,"w":-0.9908180832862854},"size":0.020823780447244645,"orthographic":false}