{"cameraMode":{"drawMode":0,"name":"Shaded","section":"Shading Mode"},"sceneLighting":false,"audioPlay":false,"sceneViewState":{"showFog":true,"showMaterialUpdate":false,"showSkybox":false,"showFlares":true,"showImageEffects":true,"showParticleSystems":true},"in2DMode":false,"pivot":{"x":-0.016470089554786683,"y":-0.008823547512292862,"z":-0.04290461540222168},"rotation":{"x":0.40118131041526797,"y":0.2776000499725342,"z":-0.12899698317050935,"w":0.8633372783660889},"size":0.3356221318244934,"orthographic":false}