{"cameraMode":{"drawMode":0,"name":"Shaded","section":"Shading Mode"},"sceneLighting":true,"audioPlay":false,"sceneViewState":{"showFog":true,"showMaterialUpdate":false,"showSkybox":true,"showFlares":true,"showImageEffects":true,"showParticleSystems":true},"in2DMode":false,"pivot":{"x":-0.33399999141693118,"y":0.3187682628631592,"z":1.1185317039489747},"rotation":{"x":-0.2992415428161621,"y":-0.31483399868011477,"z":0.10531546175479889,"w":-0.8945644497871399},"size":3.422978162765503,"orthographic":false}