{"cameraMode":{"drawMode":0,"name":"Shaded","section":"Shading Mode"},"sceneLighting":false,"audioPlay":false,"sceneViewState":{"showFog":true,"showMaterialUpdate":false,"showSkybox":false,"showFlares":true,"showImageEffects":true,"showParticleSystems":true},"in2DMode":false,"pivot":{"x":8.7994384765625,"y":53.753631591796878,"z":-86.2331771850586},"rotation":{"x":-0.10330592095851898,"y":0.8678204417228699,"z":-0.2030200958251953,"w":-0.4415866732597351},"size":129.93971252441407,"orthographic":false}