{"cameraMode":{"drawMode":0,"name":"Shaded","section":"Shading Mode"},"sceneLighting":true,"audioPlay":false,"sceneViewState":{"showFog":true,"showMaterialUpdate":false,"showSkybox":true,"showFlares":true,"showImageEffects":true,"showParticleSystems":true},"in2DMode":false,"pivot":{"x":0.032646775245666507,"y":0.832919716835022,"z":-0.49909305572509768},"rotation":{"x":-0.02634083665907383,"y":0.9663944244384766,"z":-0.23067247867584229,"w":-0.11035411804914475},"size":1.696446418762207,"orthographic":false}