{"cameraMode":{"drawMode":0,"name":"Shaded","section":"Shading Mode"},"sceneLighting":false,"audioPlay":false,"sceneViewState":{"showFog":true,"showMaterialUpdate":false,"showSkybox":false,"showFlares":true,"showImageEffects":true,"showParticleSystems":true},"in2DMode":false,"pivot":{"x":1000.0,"y":1013.6666259765625,"z":999.7899780273438},"rotation":{"x":-0.2818816006183624,"y":-0.12561745941638947,"z":0.03725471720099449,"w":-0.950462281703949},"size":46.934017181396487,"orthographic":false}