{"cameraMode":{"drawMode":0,"name":"Shaded","section":"Shading Mode"},"sceneLighting":true,"audioPlay":false,"sceneViewState":{"showFog":true,"showMaterialUpdate":false,"showSkybox":true,"showFlares":true,"showImageEffects":true,"showParticleSystems":true},"in2DMode":false,"pivot":{"x":0.4699999988079071,"y":0.8799999952316284,"z":-2.0299999713897707},"rotation":{"x":-0.14774200320243836,"y":-0.7847387790679932,"z":0.2048213630914688,"w":-0.5660498738288879},"size":6.474808216094971,"orthographic":false}