{"cameraMode":{"drawMode":0,"name":"Shaded","section":"Shading Mode"},"sceneLighting":false,"audioPlay":false,"sceneViewState":{"showFog":true,"showMaterialUpdate":false,"showSkybox":false,"showFlares":true,"showImageEffects":true,"showParticleSystems":true},"in2DMode":false,"pivot":{"x":-0.04900002479553223,"y":-0.06999999284744263,"z":7.0},"rotation":{"x":-0.228075310587883,"y":-0.09853322058916092,"z":0.023207111284136773,"w":-0.968368411064148},"size":2.129755973815918,"orthographic":false}